word,occurence
 Son ,544
 die ,14
 love ,364
 redeem ,4
 sins ,31
 resurrected ,2
 defeating ,1
 death ,18
 special ,8
 Easter ,9
 today ,62
 signs ,42
 come ,142
 visible ,7
 people ,50
 see ,115
 greatest ,16
 awaited ,1
 sign ,19
 one ,120
 able ,45
 say ,26
 manmade ,1
 day ,44
 silence ,11
 sorrow ,2
 remember ,66
 His ,24
 cross ,33
 became ,1
 Mother ,47
 Pray ,191
 wounds ,4
 washed ,2
 blood ,9
 together ,47
 open ,69
 hearts ,160
 Grace ,12
 priest ,57
 lost ,33
 Now ,334
 leave ,111
 Motherly ,8
 knew ,7
 precious ,7
 eyes ,30
 must ,56
 pray ,370
 lot ,49
 fear ,64
 times ,112
 long ,16
 faithful ,54
 Him ,22
 nothing ,24
 disturb ,1
 conversion ,36
 urgent ,9
 time ,162
 attracted ,3
 world ,161
 soon ,133
 stripped ,1
 everything ,152
 joy ,52
 serenity ,8
 God ,321
 help ,34
 let ,30
 deceived ,5
 words ,30
 evil ,81
 gives ,8
 solutions ,1
 easy ,4
 dangerous ,2
 souls ,60
 viruses ,4
 continue ,60
 spread ,10
 ferocity ,1
 devil ,51
 Jesus ,289
 salvation ,39
 Church ,176
 confusion ,38
 cause ,8
 pillars ,1
 collapse ,7
 Love ,40
 unite ,14
 witnessing ,2
 true ,66
 Apostles ,9
 bless ,307
 prayers ,43
 understand ,46
 prayer ,139
 catastrophic ,2
 events ,14
 mitigated ,11
 averted ,1
 even ,44
 avoided ,3
 preach ,4
 apostles ,21
 brothers ,54
 inner ,2
 transformation ,6
 way ,63
 great ,127
 peace ,116
 despite ,18
 happen ,48
 otherwise ,8
 anxiety ,1
 states ,1
 mind ,4
 Christ ,17
 never ,53
 anything ,12
 war ,41
 getting ,8
 closer ,23
 Italy ,42
 worlds ,3
 weep ,6
 much ,104
 obeyed ,1
 laws ,13
 always ,170
 Immaculate ,25
 Heart ,22
 triumph ,7
 witnesses ,10
 suffer ,27
 Mercy ,8
 Remember ,25
 free ,12
 choose ,12
 good ,30
 revealed ,2
 know ,57
 would ,40
 like ,42
 ask ,168
 going ,11
 taken ,22
 comfortable ,2
 showing ,2
 Sometimes ,1
 apathetic ,1
 yet ,33
 chosen ,24
 ways ,4
 lead ,20
 nowhere ,1
 coming ,50
 sudden ,2
 meantime ,2
 found ,5
 unprepared ,4
 want ,60
 give ,104
 suggestion ,1
 talk ,5
 waver ,2
 trust ,13
 afraid ,74
 among ,25
 protect ,99
 Soon ,36
 Christianity ,3
 longer ,45
 professed ,1
 new ,38
 religion ,5
 imposed ,1
 center ,2
 careful ,15
 cautious ,3
 Father ,363
 Holy ,488
 Spirit ,370
 Today ,33
 important ,11
 humble ,13
 spouse ,4
 communicate ,1
 intentions ,2
 consecrated ,26
 may ,42
 convert ,69
 reading ,4
 word ,35
 pulpit ,1
 shepherds ,10
 sheep ,2
 opening ,7
 mouths ,1
 spew ,1
 dictated ,1
 sufferings ,26
 Work ,1
 accomplished ,4
 assured ,6
 This ,29
 trial ,3
 take ,65
 strength ,28
 alone ,18
 persecute ,4
 set ,8
 justice ,30
 faith ,138
 soldiers ,8
 light ,79
 desire ,5
 remind ,6
 scattered ,2
 throughout ,6
 knows ,10
 confused ,13
 could ,7
 prey ,2
 suffers ,5
 claim ,1
 behave ,4
 prepare ,20
 contrary ,1
 feed ,15
 really ,9
 consider ,1
 submit ,1
 sent ,9
 speak ,20
 reassure ,1
 infinite ,9
 best ,6
 recognize ,14
 Crosses ,3
 respecting ,2
 commandments ,7
 rejoice ,12
 written ,13
 real ,5
 persecution ,18
 Christian ,9
 begin ,10
 There ,8
 tribulations ,12
 called ,6
 insane ,1
 closest ,2
 relatives ,1
 lips ,1
 pronounce ,1
 Most ,16
 Name ,11
 iniquity ,2
 grow ,3
 Some ,4
 backslide ,1
 plagued ,2
 belong ,4
 devote ,1
 fasting ,7
 sick ,6
 spirit ,23
 tremble ,28
 allow ,7
 rule ,2
 change ,40
 mankind ,2
 need ,31
 guidance ,5
 pervasive ,1
 messages ,43
 pearls ,4
 truth ,63
 shouted ,2
 thousand ,4
 places ,6
 Never ,5
 discern ,2
 approach ,8
 deceive ,3
 vigilant ,2
 ready ,95
 hands ,30
 listen ,47
 Heaven ,12
 Take ,5
 advantage ,8
 mercy ,24
 wrath ,4
 felt ,7
 left ,25
 short ,7
 remain ,10
 already ,43
 save ,24
 play ,1
 enter ,22
 transform ,11
 heart ,143
 feel ,73
 seeing ,6
 darkness ,32
 gloom ,1
 enlightened ,3
 motherly ,38
 blessingin ,1
 graces ,42
 descend ,49
 upon ,38
 witness ,27
 humility ,17
 tears ,20
 Know ,4
 sad ,12
 grieved ,1
 humanity ,66
 respond ,1
 call ,23
 end ,27
 Lord ,50
 offer ,9
 someone ,2
 saved ,27
 thanks ,16
 suffering ,36
 offered ,4
 mine ,9
 technology ,3
 attacked ,8
 solar ,3
 eruptions ,3
 reveal ,3
 infusion ,2
 hard ,23
 hasten ,1
 lukewarm ,7
 entrust ,20
 life ,58
 renewed ,6
 earth ,118
 without ,44
 ceasing ,3
 pain ,55
 bring ,40
 expect ,3
 exist ,6
 transformed ,6
 safe ,10
 place ,37
 painless ,1
 moments ,10
 full ,14
 sickness ,1
 arrival ,14
 bear ,20
 discourage ,1
 caught ,5
 web ,1
 adhered ,1
 blasphemies ,3
 corruptions ,1
 understood ,5
 yes ,6
 please ,24
 look ,54
 around ,21
 arrived ,10
 Spiritual ,1
 warfare ,1
 watch ,6
 rulers ,6
 years ,9
 apparitions ,8
 seriously ,2
 realize ,11
 telling ,2
 slow ,2
 therefore ,12
 urgency ,1
 grace ,23
 unfortunately ,14
 adapted ,1
 imposition ,1
 subjected ,1
 beg ,9
 every ,44
 takes ,8
 hold ,13
 soul ,9
 chase ,1
 away ,30
 face ,14
 disciples ,4
 fight ,20
 subject ,1
 wiles ,1
 involves ,1
 lies ,4
 turbulent ,1
 politics ,3
 circles ,2
 warn ,12
 mistakes ,8
 avoiding ,1
 realizing ,4
 obstinacy ,1
 human ,3
 decisions ,6
 Many ,10
 told ,4
 vaccines ,4
 Cross ,7
 stand ,9
 Blessed ,12
 redeemed ,1
 Wrath ,2
 making ,15
 blind ,13
 notice ,1
 giving ,11
 scientific ,2
 explanations ,2
 reborn ,5
 resplendent ,1
 glorious ,2
 including ,5
 freedom ,3
 Scriptures ,6
 path ,38
 bleed ,8
 brick ,2
 fall ,24
 matter ,2
 mocked ,1
 soothe ,1
 storm ,5
 forgive ,15
 confess ,9
 divided ,2
 men ,15
 women ,2
 front ,10
 line ,1
 asked ,18
 find ,30
 shelters ,4
 refuges ,2
 hide ,3
 predicted ,10
 angels ,30
 Daughter ,2
 tell ,25
 trumpets ,4
 sounded ,1
 remains ,1
 strengthen ,10
 division ,4
 begun ,10
 Middle ,1
 East ,1
 Syria ,2
 involve ,2
 Russia ,25
 America ,36
 How ,17
 land ,11
 flooded ,1
 sin ,17
 heads ,7
 government ,2
 compromise ,1
 instead ,7
 chose ,3
 repent ,10
 heading ,2
 others ,6
 lacking ,3
 covered ,3
 protected ,8
 Mantle ,2
 fill ,4
 cry ,35
 fire ,17
 purification ,19
 believers ,3
 wrongdoers ,1
 deny ,1
 greatly ,3
 hastened ,1
 also ,43
 glad ,1
 near ,18
 warned ,3
 grasp ,2
 facing ,3
 violence ,2
 blasphemy ,3
 accept ,3
 tenacity ,1
 repaid ,1
 multitudes ,1
 midst ,5
 spiritual ,7
 battle ,13
 experienced ,1
 steadfast ,2
 comes ,9
 part ,13
 forget ,9
 greater ,5
 heaven ,61
 whoever ,24
 first ,11
 consoler ,1
 One ,9
 victorious ,4
 quickly ,7
 Wherever ,1
 hesitation ,1
 prophets ,7
 Always ,17
 courage ,35
 Faith ,24
 Everything ,10
 remnant ,5
 allows ,4
 possibility ,4
 thank ,22
 Eastern ,1
 Europe ,8
 nations ,5
 kneel ,12
 often ,22
 sacrifices ,7
 send ,13
 wherever ,3
 possible ,16
 husband ,4
 turn ,14
 volume ,1
 television ,1
 turned ,12
 statue ,2
 placed ,1
 dresser ,1
 saw ,3
 Madonna ,5
 wrapped ,4
 white ,8
 veil ,2
 blue ,6
 cloak ,2
 said ,22
 Our ,44
 Lady ,37
 instinctively ,1
 foot ,3
 bed ,2
 Smiling ,1
 Virgin ,4
 hope ,15
 founded ,2
 close ,38
 doors ,6
 everyone ,31
 learn ,4
 son ,28
 return ,37
 referring ,1
 family ,10
 presence ,21
 apparition ,7
 members ,1
 house ,7
 heard ,6
 sound ,5
 bells ,1
 shown ,2
 accepting ,3
 Listen ,10
 tells ,1
 resist ,3
 Meditate ,1
 mother ,23
 wants ,23
 pour ,1
 Accept ,2
 Help ,4
 get ,30
 Creator ,2
 bleeding ,4
 clouded ,1
 eternity ,1
 cold ,4
 night ,5
 believe ,65
 insist ,5
 asking ,7
 recite ,7
 rosary ,20
 teaches ,1
 head ,8
 glory ,8
 Satan ,43
 stop ,14
 taking ,21
 worry ,5
 next ,13
 wrong ,4
 difficulty ,3
 especially ,46
 Pope ,10
 choices ,2
 decided ,2
 Dont ,8
 praying ,7
 occasion ,5
 prayed ,5
 Aramaic ,1
 present ,32
 recitation ,11
 Rosary ,51
 You ,46
 tempted ,8
 strong ,47
 overcome ,5
 During ,4
 held ,8
 arms ,17
 heavenly ,3
 mantle ,15
 hurry ,4
 Your ,12
 names ,3
 engraved ,1
 reward ,3
 favored ,1
 plans ,5
 touch ,16
 needy ,2
 families ,36
 sends ,2
 Kneel ,1
 Thanks ,11
 looking ,4
 Thank ,18
 welcoming ,4
 right ,14
 With ,3
 mothers ,2
 receive ,3
 Please ,21
 deaf ,3
 Tell ,1
 homes ,28
 streets ,3
 forgives ,2
 Then ,7
 adds ,5
 After ,7
 France ,15
 Rome ,14
 earthquake ,13
 Vatican ,9
 Within ,1
 moment ,40
 Cardinals ,6
 bishops ,17
 forced ,9
 moving ,2
 leads ,15
 winds ,6
 preparing ,7
 Pestilence ,1
 misery ,1
 smallpox ,1
 despair ,9
 message ,4
 points ,1
 sun ,5
 several ,3
 three ,6
 cardinals ,7
 added ,3
 pontificate ,1
 days ,11
 blessed ,29
 candles ,7
 keep ,18
 lit ,7
 touched ,11
 demons ,20
 requests ,3
 complete ,4
 task ,3
 entrusted ,5
 luminous ,5
 rays ,4
 repeating ,1
 When ,6
 necessary ,3
 care ,6
 needs ,8
 Someone ,1
 wonders ,9
 answer ,6
 simple ,4
 Queen ,8
 example ,3
 couples ,1
 Peace ,13
 infiltrated ,1
 destroyed ,13
 winning ,1
 powerful ,21
 weapon ,11
 intensify ,3
 Rosaries ,1
 tight ,2
 picture ,1
 Divine ,4
 exuded ,1
 abundantly ,1
 arousing ,1
 amazement ,1
 devotion ,3
 testimony ,4
 attention ,11
 defeatist ,1
 embrace ,14
 dry ,6
 satan ,15
 attack ,6
 Gisella ,4
 caress ,2
 given ,13
 still ,58
 hand ,25
 pitfalls ,3
 Eucharist ,43
 Bring ,2
 young ,9
 cloud ,2
 tighten ,1
 defend ,5
 For ,2
 Hail ,3
 Mary ,8
 divulge ,1
 received ,1
 far ,8
 meditate ,3
 gathered ,11
 gift ,7
 wisdom ,2
 knowledge ,2
 waiting ,12
 Kingdom ,5
 cling ,5
 defeat ,2
 continually ,3
 hunting ,1
 Earth ,4
 purify ,3
 becomes ,1
 difficult ,9
 tired ,4
 World ,1
 War ,2
 brewing ,4
 calm ,7
 She ,11
 frighten ,4
 Those ,2
 finally ,9
 Open ,8
 infuse ,3
 alleviate ,1
 pains ,12
 tribulation ,13
 await ,7
 Brazil ,2
 drink ,9
 bitter ,8
 cup ,8
 beside ,21
 strongest ,1
 feet ,3
 seen ,4
 invoked ,4
 towards ,20
 says ,5
 useless ,5
 last ,22
 invoke ,21
 figure ,1
 command ,2
 withdraw ,2
 shower ,1
 colored ,1
 confetti ,1
 happy ,6
 bishop ,1
 came ,5
 paths ,3
 trace ,1
 cannot ,15
 diverted ,4
 blown ,1
 hearing ,2
 Chile ,7
 Scientists ,1
 gagged ,1
 ahead ,5
 attended ,1
 seek ,4
 answers ,1
 opened ,7
 dinner ,1
 celebrate ,3
 August ,1
 talking ,1
 table ,1
 raising ,3
 sky ,24
 appeared ,5
 dressed ,5
 crown ,2
 red ,7
 gave ,1
 reconciliation ,2
 Graces ,10
 Trinity ,32
 third ,2
 Seal ,1
 vision ,2
 represented ,1
 knight ,1
 black ,2
 sword ,2
 horse ,1
 sowed ,1
 famine ,6
 stock ,2
 canned ,1
 food ,6
 drinking ,1
 water ,3
 try ,3
 marking ,1
 approached ,1
 Trust ,4
 caressed ,1
 another ,12
 forecasts ,1
 volcanoes ,7
 start ,3
 erupt ,3
 parts ,1
 late ,3
 wanted ,4
 Unfortunately ,6
 wait ,13
 search ,1
 well ,9
 intercede ,3
 earthquakes ,22
 shock ,1
 consciences ,10
 sincere ,5
 hypocrites ,2
 draw ,3
 Whoever ,3
 Sanctified ,1
 moves ,2
 cursed ,1
 Let ,4
 infused ,3
 hatred ,3
 anguish ,1
 beautiful ,8
 prepared ,8
 Sons ,12
 mission ,9
 worthy ,6
 New ,1
 hypocrisy ,2
 side ,17
 wars ,10
 settle ,1
 happening ,20
 approaching ,5
 rain ,3
 Fathers ,5
 think ,20
 false ,18
 holy ,36
 persecuted ,18
 follow ,31
 detail ,1
 Yes ,7
 console ,9
 hindered ,1
 struggle ,4
 distancing ,1
 renew ,4
 cleanse ,2
 distance ,2
 carry ,12
 storms ,4
 started ,1
 asteroid ,2
 fast ,2
 impact ,1
 Japan ,11
 small ,7
 portion ,2
 warning ,15
 loud ,2
 roar ,2
 gather ,8
 cover ,1
 leaves ,2
 sure ,5
 passion ,3
 anyone ,5
 speaks ,2
 envy ,5
 jealousy ,2
 pride ,17
 feelings ,2
 charitable ,3
 Mexico ,4
 volcano ,3
 awakened ,2
 imminent ,10
 order ,5
 choice ,14
 Say ,1
 father ,6
 perdition ,8
 lilies ,1
 flowers ,2
 Stay ,1
 news ,5
 Colombia ,2
 forces ,2
 awakening ,2
 testimonies ,3
 due ,5
 Beware ,7
 agreements ,1
 signed ,2
 Adored ,12
 wonder ,7
 reasoned ,1
 beyond ,2
 inexplicable ,2
 carried ,1
 May ,7
 throne ,2
 inside ,5
 disappear ,5
 back ,13
 vigorously ,1
 scourge ,2
 ambush ,1
 weak ,3
 calls ,2
 body ,12
 eradicate ,1
 disease ,10
 cure ,4
 immaculate ,10
 put ,19
 state ,4
 sleep ,3
 catapulted ,1
 appear ,7
 month ,3
 crowd ,1
 pilgrims ,2
 live ,32
 tied ,12
 material ,3
 righteous ,3
 read ,7
 sea ,3
 shake ,11
 crosses ,2
 arm ,5
 immense ,9
 difficulties ,8
 altar ,4
 homeland ,1
 maternal ,27
 Australia ,1
 saying ,2
 letter ,1
 wrist ,1
 Mothers ,2
 constant ,4
 abandons ,1
 Victorious ,1
 keeps ,2
 anticipates ,2
 merciful ,11
 announcement ,2
 striking ,2
 divine ,4
 announce ,5
 catastrophes ,3
 Another ,2
 fervor ,1
 Peru ,1
 disbelief ,1
 stronger ,25
 cant ,1
 Continue ,4
 stopping ,2
 Todays ,1
 Pure ,1
 retreat ,2
 Sicily ,2
 invite ,6
 repentance ,2
 whole ,7
 lay ,4
 bare ,2
 goodness ,1
 endure ,3
 terrible ,13
 enough ,7
 reign ,4
 triggering ,1
 particular ,7
 terrorism ,4
 Finally ,2
 bliss ,1
 sweetness ,3
 recommend ,3
 unbaptized ,3
 adults ,3
 arrives ,6
 institution ,2
 sorry ,1
 bad ,7
 torn ,4
 bay ,1
 southern ,1
 apart ,5
 incessantly ,2
 Spain ,8
 respite ,1
 discover ,1
 constantly ,1
 Devout ,2
 makes ,3
 persons ,4
 sisters ,1
 anointed ,3
 abandon ,12
 career ,3
 thing ,7
 matters ,2
 unique ,4
 YES ,1
 sacred ,11
 scriptures ,5
 Peter ,4
 teach ,12
 catechism ,1
 Devil ,1
 exists ,7
 explain ,2
 crafty ,1
 angel ,1
 hell ,7
 Protestantism ,1
 pressing ,1
 living ,7
 wont ,2
 conceived ,1
 prelates ,2
 Gospel ,43
 daily ,2
 shield ,1
 whenever ,1
 dead ,8
 seas ,5
 communion ,5
 truce ,1
 dividing ,1
 trap ,4
 loves ,34
 tsunamis ,2
 avalanches ,2
 waste ,11
 China ,7
 United ,7
 States ,7
 involved ,3
 tonight ,3
 reunite ,3
 glorified ,1
 Pride ,1
 haughtiness ,2
 ruining ,1
 Welcome ,1
 lovingly ,1
 judge ,9
 Leave ,3
 apostasy ,10
 continues ,9
 scourged ,2
 Have ,6
 Priests ,2
 enemies ,1
 instructions ,6
 temptation ,4
 attentive ,4
 worldliness ,1
 show ,4
 blessings ,3
 Ghost ,1
 obscured ,1
 erase ,1
 ever ,22
 courageous ,10
 power ,3
 chemical ,1
 weapons ,4
 unabated ,1
 saddened ,3
 awaits ,11
 affected ,1
 fireballs ,1
 sinners ,4
 objects ,7
 sadness ,7
 caused ,5
 sinful ,3
 expression ,1
 torment ,3
 split ,1
 bigger ,1
 wish ,2
 united ,30
 teachings ,1
 flock ,15
 friends ,1
 joyful ,5
 filled ,8
 antichrist ,9
 made ,11
 entrance ,2
 palace ,1
 nuclear ,1
 surrounds ,3
 ward ,1
 sensational ,2
 reaching ,2
 apex ,1
 discernment ,9
 error ,1
 failure ,1
 consecrate ,5
 per ,1
 request ,2
 Fatima ,6
 serious ,6
 comfort ,11
 responded ,1
 spotless ,1
 man ,14
 abomination ,5
 restless ,1
 big ,5
 changes ,6
 Rejoice ,2
 They ,3
 humiliate ,1
 replace ,2
 thunder ,4
 sometimes ,9
 group ,1
 ears ,1
 theologians ,3
 interpret ,1
 represents ,1
 Poland ,1
 Prayer ,1
 distracted ,5
 chant ,1
 sweet ,5
 music ,1
 reflect ,4
 persist ,2
 chance ,4
 nourish ,3
 immersing ,1
 Join ,2
 completely ,4
 Ask ,5
 purified ,5
 Prepare ,2
 limited ,1
 knocks ,1
 Reflect ,1
 welcome ,13
 Still ,1
 Forgive ,4
 discouraged ,3
 angry ,3
 become ,3
 weaker ,1
 weakness ,2
 creep ,1
 walk ,7
 narrow ,2
 allowed ,7
 Himself ,1
 crucified ,4
 Instead ,3
 widest ,1
 everywhere ,7
 What ,11
 Earthquakes ,2
 floods ,4
 flee ,6
 These ,3
 weaken ,1
 solving ,1
 mistake ,3
 demonstrating ,1
 period ,15
 Lent ,3
 inertia ,1
 science ,2
 beware ,3
 manipulate ,2
 birth ,2
 fake ,1
 democracies ,1
 immersed ,2
 dictatorship ,3
 safely ,1
 meteorite ,1
 arrive ,33
 Look ,11
 favorite ,11
 advice ,2
 break ,3
 embraced ,4
 defeated ,3
 Sacred ,3
 recollected ,1
 hear ,15
 forward ,9
 Pharisees ,3
 abound ,1
 evening ,4
 fulfilled ,9
 brought ,3
 satiate ,2
 Announce ,3
 pure ,7
 Confess ,3
 eat ,6
 delay ,1
 strongly ,11
 returns ,4
 eternal ,15
 remission ,1
 past ,2
 thus ,3
 physical ,2
 crucifixion ,2
 spent ,1
 five ,1
 hour ,5
 expiring ,1
 though ,2
 spit ,1
 insulted ,1
 gesture ,1
 since ,1
 alive ,5
 recited ,2
 mountain ,1
 Thursday ,1
 expressly ,1
 requested ,2
 Priesthood ,2
 graves ,1
 selfishness ,2
 slander ,1
 wickedness ,4
 resurrect ,1
 Make ,4
 cenacles ,18
 Obey ,1
 gospel ,3
 Preach ,1
 available ,3
 used ,2
 surround ,2
 begets ,2
 Embrace ,1
 conquered ,1
 depends ,1
 heresy ,5
 carnal ,1
 taught ,2
 listened ,6
 experiencing ,5
 serves ,1
 immensely ,2
 woe ,6
 righteousness ,1
 point ,3
 legacy ,1
 extended ,1
 whose ,2
 abyss ,4
 follows ,2
 meet ,5
 guard ,3
 appearances ,1
 announcements ,1
 consecration ,3
 occur ,2
 attacks ,3
 proclaim ,1
 enjoy ,3
 People ,2
 loved ,2
 tainted ,1
 corruption ,1
 pastors ,2
 descends ,4
 From ,1
 removed ,2
 sacramentally ,1
 dwell ,1
 adorn ,1
 lighting ,1
 candle ,1
 Get ,5
 All ,10
 foretold ,8
 union ,4
 works ,2
 minds ,11
 putting ,5
 doubts ,4
 fears ,4
 led ,2
 freed ,1
 charity ,10
 unity ,1
 worse ,7
 jealously ,1
 appeal ,2
 precedence ,1
 feeling ,5
 move ,3
 Pay ,2
 doctrines ,1
 tightly ,1
 Maternal ,10
 atheists ,1
 religious ,1
 unrepentant ,1
 weight ,1
 second ,6
 delightful ,1
 Body ,5
 denial ,1
 persecutions ,2
 excommunicated ,1
 Woe ,2
 mock ,2
 walls ,2
 weeds ,1
 Modernism ,1
 driving ,2
 Argentina ,1
 dark ,3
 ruin ,2
 beginning ,5
 Sodom ,1
 Gomorrah ,1
 chains ,1
 flames ,3
 raise ,2
 praise ,3
 sing ,3
 modernist ,3
 seems ,3
 Little ,1
 remove ,8
 satans ,1
 deception ,2
 gifts ,5
 anchor ,2
 wonderful ,5
 bread ,4
 Germany ,2
 nervous ,1
 uneasy ,1
 sister ,2
 wife ,1
 presentation ,1
 stick ,1
 Mass ,9
 ripe ,4
 angelic ,1
 hosts ,1
 darlings ,3
 test ,3
 materially ,1
 build ,2
 highest ,2
 aspiration ,1
 rather ,4
 purifying ,2
 eating ,1
 precedes ,1
 instant ,2
 Iceland ,1
 stars ,2
 merge ,1
 forming ,1
 firm ,5
 nails ,1
 driven ,1
 heat ,2
 anticipate ,5
 awake ,3
 forgiveness ,13
 sacrifice ,1
 cunning ,7
 benedict ,1
 dedication ,1
 voice ,8
 dumb ,1
 challenged ,1
 Behold ,5
 instill ,1
 exalted ,1
 Justice ,1
 offended ,1
 bearers ,1
 Each ,1
 narrowest ,2
 beating ,1
 beat ,5
 pursue ,1
 holiness ,8
 within ,8
 destroy ,7
 creating ,4
 pitting ,1
 falling ,4
 Selfishness ,1
 astray ,1
 divulged ,1
 daughters ,1
 heavens ,9
 proud ,5
 priority ,1
 treasures ,2
 trying ,2
 Korea ,1
 road ,8
 wanting ,1
 advise ,2
 instruct ,7
 happens ,11
 importance ,2
 exalt ,2
 burning ,2
 flame ,7
 Sweet ,2
 firmly ,1
 misled ,1
 king ,2
 underworld ,4
 bitternesses ,1
 evils ,1
 pay ,5
 tested ,1
 Sunday ,1
 habit ,1
 offend ,2
 crucifixes ,1
 churches ,7
 room ,1
 modernism ,3
 False ,1
 betraying ,1
 clearer ,4
 event ,6
 nonconsecration ,1
 commemoration ,3
 descended ,2
 abundance ,1
 went ,3
 ecstasy ,3
 transparent ,1
 crystal ,2
 accompanied ,2
 emanated ,1
 faced ,1
 trials ,7
 support ,2
 demonstrate ,1
 accelerating ,2
 passed ,1
 Word ,21
 beats ,1
 bottom ,1
 afflicted ,2
 resurrecting ,1
 ideologies ,2
 profess ,1
 afflict ,1
 pupils ,1
 purity ,1
 guide ,4
 groups ,4
 risk ,2
 publicly ,2
 knees ,4
 knelt ,1
 announcing ,1
 echo ,1
 trumpet ,2
 sorrowful ,1
 weeps ,3
 high ,3
 turning ,3
 holds ,2
 doorstep ,1
 Coredemptrix ,6
 exchange ,1
 lie ,1
 hate ,1
 blows ,1
 bringing ,3
 punishes ,1
 freely ,1
 entered ,5
 means ,6
 hence ,1
 domestic ,1
 sacraments ,6
 subtly ,1
 settling ,1
 flood ,2
 Portugal ,1
 wicked ,1
 entry ,1
 nonstop ,1
 following ,4
 fighting ,3
 stay ,13
 restoring ,1
 destroying ,4
 ongoing ,1
 unable ,1
 judged ,5
 Think ,1
 creatures ,3
 Jewels ,1
 threaten ,1
 shed ,6
 miracle ,1
 grants ,1
 sincerely ,2
 humiliation ,1
 profaning ,1
 image ,2
 Creed ,1
 Salve ,1
 Regina ,1
 judgment ,1
 John ,1
 Repent ,1
 along ,3
 heavy ,2
 upright ,1
 Christmas ,4
 expectation ,2
 pomp ,1
 learned ,1
 attend ,3
 understanding ,2
 meaning ,1
 least ,4
 followed ,3
 orators ,1
 Live ,2
 born ,6
 shunned ,1
 slandered ,2
 Right ,1
 confession ,6
 acute ,1
 unconditional ,1
 absolute ,1
 compassion ,1
 increase ,4
 decrease ,1
 based ,1
 enveloped ,2
 lose ,4
 surrender ,1
 year ,5
 leaving ,1
 principles ,2
 implemented ,1
 project ,3
 Jerusalem ,2
 two ,3
 ago ,1
 happened ,4
 Noah ,2
 universal ,2
 history ,3
 repeat ,4
 urgently ,4
 either ,3
 brother ,2
 Great ,2
 worn ,1
 obey ,1
 alert ,1
 use ,5
 consoled ,2
 jewels ,2
 sows ,1
 weakest ,2
 messengers ,2
 sacrificing ,1
 willing ,1
 criticize ,1
 raised ,2
 Antichrist ,4
 presented ,1
 supported ,2
 peoples ,2
 lives ,12
 acclaim ,1
 Life ,5
 faces ,1
 Where ,2
 step ,2
 closeness ,1
 senses ,1
 invitation ,1
 belongs ,2
 magisterium ,3
 brainwash ,1
 rituals ,1
 exclusively ,1
 satanic ,1
 laughed ,1
 rest ,6
 weakened ,1
 sanctification ,1
 obstacles ,1
 reason ,5
 redemption ,2
 unleashed ,3
 separate ,1
 petrified ,1
 contemplate ,1
 thinking ,3
 appeals ,2
 worst ,11
 unleash ,2
 anticipated ,1
 meetings ,1
 evangelize ,7
 starting ,1
 suggestions ,1
 mortal ,1
 passing ,1
 palpitating ,1
 England ,1
 assist ,2
 aware ,2
 imagine ,4
 chasm ,1
 planning ,2
 doctors ,1
 Enough ,1
 pretense ,1
 playing ,1
 chill ,1
 Arrogance ,1
 quiet ,2
 celebrating ,1
 managed ,1
 attract ,1
 begins ,2
 betrayed ,2
 recognized ,3
 repeated ,1
 bowing ,1
 unchange ,1
 centuries ,1
 reach ,4
 looks ,4
 causes ,3
 consequences ,2
 persists ,1
 indifference ,4
 rapture ,1
 join ,3
 army ,4
 sweeten ,2
 relieve ,1
 master ,2
 cast ,1
 arrogance ,4
 Nothing ,2
 thinks ,1
 blaspheme ,3
 anniversary ,1
 barrier ,1
 spreading ,6
 interceding ,1
 truly ,4
 something ,6
 intact ,1
 childrens ,1
 invaded ,3
 stops ,1
 win ,3
 consistent ,1
 Talk ,2
 friend ,1
 listens ,2
 forgiven ,3
 savor ,1
 lamps ,6
 sow ,4
 destruction ,7
 accompany ,6
 reminded ,1
 surely ,2
 suffered ,2
 anxious ,1
 taste ,1
 Paradise ,1
 anxieties ,3
 weaknesses ,1
 smile ,1
 shortly ,2
 schism ,2
 journey ,2
 meditation ,1
 screaming ,1
 King ,2
 granted ,2
 penitents ,1
 speeding ,1
 create ,11
 Attention ,4
 behavior ,2
 outside ,2
 returned ,2
 flesh ,1
 Face ,1
 took ,1
 pause ,1
 saints ,1
 ascended ,2
 serve ,5
 harmony ,4
 implore ,1
 crossed ,1
 binds ,1
 earthly ,9
 pleasures ,3
 kinds ,1
 jealousies ,2
 tries ,1
 reactions ,2
 nature ,4
 rebel ,3
 nonbelievers ,2
 disappointed ,1
 ill ,1
 ridiculed ,1
 scare ,1
 dangers ,4
 loom ,1
 mitigate ,3
 gripped ,1
 Savior ,8
 Satans ,3
 moon ,2
 Read ,1
 Fast ,1
 Confession ,2
 intervene ,1
 clarify ,1
 puts ,2
 bride ,1
 collect ,1
 Call ,2
 Release ,1
 ego ,1
 prisoner ,1
 condemn ,1
 accelerated ,3
 smell ,1
 scent ,1
 Reflection ,2
 sweetest ,2
 urges ,1
 childish ,1
 emotional ,1
 occasional ,1
 adult ,1
 conscious ,1
 ceaselessly ,1
 trusting ,1
 loving ,4
 abandoned ,3
 considers ,1
 apple ,1
 eye ,2
 guards ,1
 rejected ,3
 rejoices ,3
 prepares ,2
 struggles ,1
 manifested ,1
 surface ,1
 manifest ,2
 clearly ,1
 reject ,1
 rejection ,1
 invokes ,2
 reassures ,1
 strengthens ,1
 marvel ,2
 thief ,1
 problems ,1
 underway ,5
 smart ,1
 snatch ,1
 weariness ,1
 admired ,1
 Here ,3
 nullified ,1
 flow ,1
 carrying ,2
 Precious ,2
 Blood ,3
 contrite ,3
 disappointments ,1
 divides ,1
 lamp ,1
 suffocating ,1
 enrich ,1
 needed ,2
 observe ,2
 clear ,2
 Tabernacle ,2
 mouth ,6
 afterwards ,1
 crucify ,4
 Thats ,1
 Too ,1
 errors ,1
 seventh ,1
 seal ,1
 Angels ,7
 Once ,1
 urge ,6
 immediate ,1
 disciple ,1
 everyones ,1
 truthfulness ,1
 chalice ,1
 document ,1
 regarding ,2
 Transubstantiation ,1
 accepted ,4
 Peters ,1
 See ,2
 Crucifix ,1
 Return ,2
 lightness ,1
 avoid ,5
 moved ,1
 helping ,1
 indications ,1
 numbered ,2
 aggressive ,1
 restore ,1
 paradise ,2
 injustice ,2
 doubt ,4
 rotated ,1
 naked ,1
 colors ,1
 Defend ,1
 dress ,3
 punishment ,6
 harsh ,1
 saint ,2
 deceptions ,1
 wolves ,4
 sheeps ,2
 clothing ,2
 snake ,2
 erroneous ,1
 interpretations ,1
 archangels ,3
 transforming ,2
 invade ,3
 determined ,1
 speaking ,2
 cost ,2
 catholics ,1
 Isnt ,1
 Surely ,1
 intimidate ,1
 Light ,4
 dryness ,1
 creeping ,1
 reflecting ,2
 final ,3
 perfectly ,1
 walking ,3
 ruins ,1
 venture ,1
 forever ,6
 anchored ,1
 obedience ,2
 add ,1
 Freemasonry ,2
 service ,1
 Blessings ,3
 marked ,3
 mold ,2
 Witness ,1
 bestowed ,1
 warriors ,4
 desecrated ,2
 stir ,1
 heavier ,1
 undergo ,2
 prevail ,2
 beings ,3
 precisely ,3
 denied ,3
 Apostasy ,2
 progress ,1
 Warning ,10
 danger ,4
 religions ,3
 amen ,14
 mean ,1
 now ,1
 afford ,1
 futile ,1
 reached ,3
 economy ,3
 various ,1
 countries ,1
 heavily ,2
 separates ,1
 returning ,1
 committed ,2
 pass ,7
 invest ,1
 nation ,2
 encounter ,6
 known ,4
 whatever ,1
 examination ,3
 conscience ,6
 stray ,2
 certainty ,7
 wear ,2
 modernize ,1
 hit ,1
 natural ,3
 disasters ,3
 stubbornness ,1
 causing ,3
 innocent ,3
 rise ,7
 threatening ,1
 honest ,1
 neighbor ,2
 meditations ,1
 valid ,1
 Way ,3
 Truth ,10
 indifferent ,1
 Naples ,1
 claims ,1
 offends ,1
 immutable ,2
 done ,5
 similar ,1
 wine ,1
 dirty ,1
 central ,2
 abolish ,1
 dogmas ,2
 distant ,1
 enlighten ,2
 Wait ,2
 devastate ,1
 cities ,5
 warnings ,2
 imitate ,1
 travel ,1
 accumulated ,1
 Faithful ,1
 Because ,1
 proclaimed ,1
 clean ,1
 welcomed ,2
 plagues ,1
 epidemics ,2
 continuously ,2
 harvest ,2
 houses ,2
 better ,3
 unimaginable ,1
 rationally ,1
 incessant ,4
 rewards ,1
 Why ,4
 incomprehensible ,2
 almost ,4
 disintegrated ,1
 tares ,1
 interpreted ,1
 practice ,1
 decide ,4
 parents ,1
 husbands ,1
 wives ,1
 clarified ,2
 neither ,2
 opportunity ,2
 allowing ,1
 Seek ,2
 total ,5
 followers ,2
 Lords ,1
 haughty ,1
 postponed ,1
 ruined ,3
 tenderness ,1
 guiding ,1
 letting ,2
 asleep ,2
 Handmaid ,1
 disclose ,1
 rubble ,2
 doctrine ,4
 grave ,1
 Tomorrow ,1
 wounded ,2
 handle ,1
 clay ,1
 vessel ,1
 serene ,2
 solid ,1
 fortresses ,1
 Protestantization ,1
 indicate ,1
 devils ,2
 fulfillment ,1
 glitter ,1
 penance ,5
 top ,1
 sacrosanct ,1
 afflictions ,1
 bestow ,1
 healings ,1
 kingdom ,5
 penances ,1
 seven ,1
 intensely ,1
 simply ,1
 shaken ,3
 tormented ,2
 skies ,2
 nonsinners ,1
 patience ,4
 bow ,1
 praises ,3
 mortified ,1
 facilitated ,1
 dazzled ,1
 lights ,7
 lift ,1
 pampered ,2
 conduct ,1
 dragged ,1
 grant ,1
 invades ,1
 seized ,1
 source ,1
 week ,1
 humanly ,1
 questions ,2
 noticing ,1
 risen ,3
 tombs ,1
 Cyrenian ,1
 celebration ,1
 work ,4
 relief ,1
 injustices ,2
 ugliness ,3
 dominated ,1
 Time ,2
 form ,1
 sanctify ,1
 imitating ,1
 entering ,3
 Praise ,1
 rejects ,2
 goal ,1
 Triumph ,10
 partakers ,1
 cleaning ,1
 missionaries ,1
 abundant ,1
 tolerance ,1
 brotherhood ,2
 passes ,2
 inexorably ,1
 Baptize ,3
 damnation ,2
 Fire ,1
 sowing ,2
 Gather ,2
 Hear ,1
 atomic ,1
 bombs ,2
 run ,1
 swept ,1
 hurricanes ,1
 blow ,4
 thoughts ,5
 comment ,1
 terrorist ,1
 Stand ,1
 distort ,1
 insinuate ,1
 lurking ,1
 reigns ,5
 running ,2
 Gift ,1
 instruments ,1
 beacons ,1
 lighthouse ,1
 testify ,3
 Times ,1
 grip ,1
 anger ,3
 altruism ,1
 rationality ,1
 anymore ,2
 Has ,1
 harm ,1
 stands ,1
 blaspheming ,1
 demanding ,1
 easier ,1
 suddenly ,3
 True ,1
 Only ,5
 Doctrine ,1
 renewal ,1
 removing ,1
 proper ,1
 irrepressible ,1
 recent ,1
 significant ,1
 cried ,1
 behold ,4
 value ,1
 showed ,1
 Humanity ,3
 unfaithful ,1
 Offer ,1
 falsehood ,4
 plunged ,1
 race ,1
 respect ,1
 different ,1
 Creeds ,1
 House ,1
 almighty ,1
 waters ,2
 mistress ,1
 spite ,1
 refuses ,1
 Nation ,1
 trivializing ,1
 old ,1
 worship ,2
 dust ,2
 Yet ,1
 laid ,2
 bestowing ,1
 harmed ,1
 judgments ,2
 bound ,2
 killed ,1
 covenant ,1
 joined ,2
 libertinage ,1
 Learn ,2
 hates ,1
 distorted ,1
 clouding ,1
 plan ,4
 perceive ,1
 preaching ,1
 bearing ,1
 renunciations ,1
 abide ,1
 ten ,1
 Commandments ,4
 sees ,2
 consoling ,1
 crushes ,1
 Saints ,2
 commitment ,1
 hesitant ,1
 performance ,1
 choosing ,1
 multiplied ,1
 hundredfold ,1
 mirror ,1
 future ,6
 Recite ,1
 deceit ,1
 horror ,1
 surprised ,4
 wong ,1
 falls ,2
 immeasurable ,1
 likes ,1
 torments ,1
 encourage ,1
 projects ,1
 millions ,1
 glorify ,1
 middle ,1
 Who ,2
 terribly ,1
 awareness ,1
 closed ,2
 spectacular ,1
 Believe ,2
 whirlwind ,2
 gradually ,1
 emanate ,1
 mighty ,4
 entrusting ,1
 aside ,2
 fighters ,3
 tomorrow ,1
 composed ,1
 surrounded ,1
 numerous ,1
 singing ,1
 fortify ,2
 plague ,2
 resentment ,1
 chooses ,1
 havens ,4
 modernisms ,1
 universe ,1
 insults ,1
 contempt ,1
 Invoke ,1
 affect ,2
 air ,1
 unknown ,1
 bacteria ,1
 decline ,2
 disastrous ,1
 mass ,2
 Scream ,2
 clutches ,2
 Pastors ,2
 furious ,1
 Churchmen ,1
 replaced ,2
 silent ,1
 Triune ,2
 lived ,4
 tempts ,1
 disunion ,2
 overturning ,1
 generated ,1
 derided ,1
 looked ,1
 befall ,2
 carefree ,1
 turns ,2
 adoring ,1
 gods ,1
 darken ,2
 vomits ,1
 hover ,1
 rely ,2
 leading ,4
 visit ,1
 spear ,1
 pierces ,1
 Joseph ,2
 hurt ,1
 opens ,2
 lets ,1
 harassed ,1
 negative ,2
 enmity ,1
 refuge ,1
 shout ,2
 winter ,1
 crops ,2
 burned ,1
 frost ,1
 calamities ,4
 ignite ,1
 satisfied ,1
 organize ,1
 unassailable ,1
 refused ,1
 acts ,2
 dullness ,1
 ignorance ,1
 responsibility ,2
 workers ,1
 blasphemers ,2
 heretics ,1
 Tonight ,1
 grips ,3
 regain ,1
 anoint ,1
 fragile ,1
 destabilizes ,1
 deep ,2
 sinned ,1
 pained ,1
 trees ,1
 bright ,1
 deepest ,1
 cave ,1
 poor ,1
 victors ,2
 conveniently ,1
 Loving ,1
 tumult ,2
 brave ,2
 Yesterday ,1
 solemn ,1
 songs ,2
 spoken ,1
 situation ,2
 Pentecost ,1
 powers ,2
 explanation ,1
 guided ,1
 whitened ,1
 sepulchers ,1
 incredulous ,1
 pervaded ,1
 sense ,2
 normality ,1
 modernity ,1
 cleaned ,1
 dirt ,1
 ecology ,1
 Sacraments ,1
 depend ,3
 vortex ,1
 paganism ,2
 hardened ,1
 splitting ,1
 obedient ,1
 Consecration ,1
 disappears ,2
 rewarded ,1
 golden ,1
 sparks ,1
 spoke ,1
 defense ,2
 implement ,1
 diabolical ,2
 tempt ,1
 guides ,1
 shows ,1
 huge ,1
 crossroads ,1
 approaches ,1
 inveigh ,1
 crying ,1
 sooner ,1
 salt ,1
 pity ,1
 screams ,1
 collapsing ,1
 realized ,1
 bend ,2
 Convert ,1
 gaze ,2
 shocked ,1
 Masses ,1
 dogma ,1
 outraged ,1
 equip ,1
 linen ,1
 handkerchief ,2
 touching ,2
 carefully ,1
 reuse ,1
 fine ,1
 virus ,2
 else ,1
 pestilences ,1
 promise ,1
 act ,3
 coredeemers ,1
 Passion ,2
 wearing ,1
 rested ,1
 invited ,2
 images ,1
 invites ,1
 useful ,1
 lack ,4
 providence ,1
 fail ,1
 fallen ,2
 pandemics ,1
 Despite ,1
 frightened ,1
 periods ,1
 planned ,4
 less ,1
 painful ,2
 betray ,2
 mourning ,1
 subjugated ,1
 smallness ,1
 spirituality ,1
 scattering ,1
 secret ,2
 Crucified ,1
 humiliated ,1
 treated ,1
 heretic ,1
 undone ,1
 priesthood ,1
 Magisterium ,2
 India ,1
 resurrection ,1
 lands ,2
 reconcile ,1
 forbidden ,1
 obligations ,1
 illuminate ,1
 recipient ,1
 acting ,1
 Comment ,1
 todays ,1
 force ,3
 heartfelt ,1
 account ,1
 escape ,2
 wild ,1
 condition ,2
 closing ,1
 appreciate ,2
 Man ,1
 lash ,1
 consolation ,1
 emotion ,1
 promises ,2
 However ,1
 treasure ,2
 prays ,1
 current ,1
 divide ,1
 infinitely ,1
 calling ,1
 handful ,1
 precede ,1
 Entrust ,1
 garden ,3
 illusions ,1
 rotten ,1
 happiness ,2
 dismayed ,1
 profanation ,2
 hymns ,3
 submission ,1
 seductions ,2
 disorder ,1
 scares ,1
 patient ,1
 price ,1
 bit ,1
 expensive ,1
 entrusts ,1
 desecrate ,1
 falter ,1
 tire ,1
 revolt ,1
 produces ,1
 anywhere ,1
 Empty ,1
 self ,1
 calmly ,2
 enlightenment ,3
 minutes ,1
 fiery ,1
 Later ,1
 Ill ,1
 sight ,1
 illusion ,2
 Remind ,1
 induced ,1
 savior ,1
 perhaps ,1
 Apocalypse ,1
 wore ,3
 candy ,1
 pink ,1
 Whatever ,1
 passive ,1
 depths ,1
 continuous ,3
 remaining ,1
 Divinity ,1
 Gradually ,1
 despise ,2
 bitterness ,1
 insult ,1
 Winds ,1
 Consecrate ,1
 riots ,1
 refuse ,1
 offers ,1
 broken ,2
 possession ,1
 Sorrows ,2
 Shepherds ,1
 selfdestruction ,2
 scan ,1
 stone ,2
 apocalypse ,1
 forgetting ,1
 containing ,1
 abolished ,1
 defending ,1
 influences ,1
 perversion ,1
 elite ,4
 succumbed ,1
 gag ,1
 enslave ,1
 Mystical ,1
 explaining ,2
 according ,2
 fully ,1
 count ,1
 seduce ,1
 money ,2
 sex ,1
 darkest ,1
 devastating ,1
 mechanical ,1
 abandoning ,1
 consideration ,1
 correct ,1
 express ,1
 weakens ,1
 attainment ,1
 empty ,2
 strayed ,1
 losses ,1
 drums ,1
 heal ,1
 participate ,1
 gossip ,1
 fruit ,2
 proclaims ,1
 demonic ,1
 net ,1
 persecutors ,1
 skilled ,1
 convincing ,1
 deviating ,1
 skillfully ,1
 Eucharistic ,1
 Sacrifice ,1
 appreciates ,1
 major ,1
 conflicts ,2
 months ,1
 civil ,1
 DNA ,1
 accumulate ,2
 buy ,1
 severe ,1
 altars ,1
 Testify ,1
 sold ,1
 Herods ,1
 strike ,1
 blazes ,1
 shaking ,1
 recognizing ,3
 Preparing ,1
 fists ,1
 spits ,1
 dyed ,1
 goods ,1
 hail ,1
 rebelling ,1
 weeping ,1
 space ,1
 recover ,1
 exact ,1
 Ten ,2
 illness ,1
 luxuriant ,1
 disguised ,2
 lambs ,2
 Poor ,1
 restaurateur ,1
 financial ,1
 fools ,1
 community ,1
 lessened ,1
 gone ,1
 atrocious ,2
 worried ,1
 Three ,2
 wanders ,1
 desperate ,1
 case ,1
 respected ,1
 reciting ,1
 slowly ,1
 crowned ,1
 Evil ,1
 wilder ,1
 crazy ,2
 unexpected ,1
 cursing ,1
 discomfort ,1
 Enlightenment ,1
 trivial ,1
 spend ,1
 profound ,1
 Darkness ,2
 Satanism ,1
 continued ,1
 dominate ,1
 nets ,1
 door ,1
 limiting ,1
 speed ,1
 survive ,1
 merit ,1
 pierced ,1
 barbarism ,1
 Even ,1
 countless ,1
 atrocities ,1
 healed ,1
 hides ,2
 behind ,1
 disguises ,1
 beloveds ,2
 disturbing ,1
 omnipotent ,1
 virtue ,1
 ambassadors ,1
 blowing ,1
 Ark ,1
 thought ,1
 species ,1
 animals ,1
 invisible ,2
 erected ,1
 libertinism ,1
 foolish ,1
 virgins ,1
 immediately ,1
 scream ,1
 Sing ,1
 slightest ,1
 baptism ,1
 renounce ,2
 kneeling ,2
 rarely ,1
 transported ,1
 divisions ,1
 fidelity ,1
 doubled ,1
 unexpectedly ,1
 mystified ,1
 pleasing ,1
 pangs ,1
 pestilence ,1
 passively ,2
 increasingly ,1
 oppressing ,1
 dormant ,1
 alla ,1
 Salette ,1
 react ,1
 choir ,1
 impurities ,1
 Redeemer ,1
 endangering ,1
 absence ,1
 behaviors ,2
 Saint ,1
 smiling ,1
 impose ,1
 single ,1
 voices ,1
 song ,1
 Glory ,1
 magnificent ,1
 gold ,1
 silver ,1
 shone ,1
 forerunner ,1
 Advent ,1
 succession ,2
 media ,1
 suggests ,1
 manage ,1
 store ,1
 Saviors ,1
 clashes ,1
 politicians ,1
 counting ,1
 enemy ,1
 Ego ,1
 totally ,1
 eliminate ,1
 actions ,1
 entrustment ,1
 bill ,1
 immeasurably ,1
 shaped ,1
 chastisement ,1
 backs ,1
 promoted ,1
 abortion ,1
 betrayals ,1
 repeats ,1
 certain ,1
 agitated ,1
 supply ,1
 warmth ,1
 thirst ,1
 darker ,1
 comforts ,1
 wandering ,1
 blizzards ,1
 tidal ,1
 waves ,1
 enslaved ,1
 normal ,1
 Rebirth ,1
 surrendered ,1
 aid ,1
 clothe ,1
 armor ,1
 row ,2
 apostolate ,1
 sorrows ,1
 seers ,1
 becoming ,1
 sons ,1
 mourn ,1
 previous ,1
 Protect ,1
 innocence ,1
 Revelation ,1
 waited ,1
 profaned ,1
 corrupt ,1
 lawful ,1
 enticements ,1
 gained ,1
 knock ,1
 lifts ,2
 mud ,1
 wipes ,1
 wasting ,1
 tying ,1
 milk ,1
 honey ,1
 mountains ,1
 grateful ,1
 surgically ,1
 expose ,1
 hidden ,1
 dramatic ,1
 except ,1
 Southern ,1
 obeys ,1
 ascent ,1
 Golgotha ,1
 gloomy ,1
 diligently ,1
 unconsciously ,1
 elevation ,1
 unjust ,1
 fun ,1
 swords ,1
 utmost ,1
 gently ,1
 turmoil ,1
 Revert ,1
 aspire ,1
 lowering ,1
 evangelizing ,1
 awaken ,1
 simultaneously ,1
 ungrateful ,1
 accountable ,2
 considering ,1
 imposing ,1
 appearance ,2
 offering ,1
 main ,1
 harmful ,1
 suicides ,1
 precipice ,1
 accompanying ,1
 dominion ,1
 stopped ,1
 hiding ,1
 openly ,1
 subjects ,1
 democracy ,1
 emerged ,1
 losing ,1
 undertaken ,1
 drowsy ,1
