year,month,day,author,text_it,month_string,text_pl,text_en,text_es,text_fr,text_zh,text_de,text_pt
2017,4,16,Jesus Christ,"Amati fratelli, eccomi io sono qui nella mia resurrezione e anche nella vostra. Prendete la strada della salvezza e della santificazione, sono qui per tendervi la mia mano. Vi amo e annunciate a tutti la mia resurrezione. Vi benedico nel nome del Padre del figlio e dello Spirito Santo. Amen. Il vostro Gesù.",,"Umiłowani bracia, oto ja w moim, a także w waszym zmartwychwstaniu. Podejmijcie drogę zbawienia i uświęcenia, jestem tutaj, aby wyciągnąć rękę do Was. Kocham was i ogłaszam wszystkim moje zmartwychwstanie. Błogosławię Was w imię Ojca i Syna i Ducha Świętego. Amen. Wasz Jezus.","Beloved brothers, here I am in my resurrection and also in yours. Take the way of salvation and sanctification, I am here to extend my hand to you. I love you and announce my resurrection to all. I bless you in the name of the Father and the Son and of the Holy Spirit. Amen. Your Jesus.","Amati Brothers, aquí estoy aquí en mi resurrección e incluso en la tuya. Tome el camino a la salvación y la santificación, estoy aquí para tomar mi mano. Te amo y anuncié a toda mi resurrección. Te bendigo en nombre del padre del Hijo y el Espíritu Santo. Amén. Tu jesus","Brothers bien-aimés, ici je suis dans ma résurrection et aussi dans la tienne. Prenez la voie du salut et de la sanctification, je suis ici pour vous étendre la main à vous. Je t'aime et annonce ma résurrection à tous. Je vous bénis au nom du Père et du Fils et du Saint-Esprit. Amen. Votre Jésus.",心爱的兄弟，在这里，我在我的复活中，也在你的中。采取救恩和成圣的方式，我在这里将我的手伸到你身边。我爱你，并宣布我的复活。我以父亲和儿子和圣灵的名义祝福你。阿门。你的耶稣。,,
2017,4,30,Holy Mary,"Cari Figli,grazie per avermi accolta , grazie per la grande fede che c’è nel vostro cuore. Amati Figli , siate i miei apostoli, siate i miei piccoli e non lasciate mai la mano che Gesù stende con tutta la sua misericordia, cercate solo in lui la salvezza, la verità e la via. Pregate per la Francia e per il Cile. Vi amo e vi benedico nel nome Padre del Figlio e dello Spirito Santo. Amen.",,"Drogie dzieci, dziękuję wam za to, że mnie przyjęliście, dziękuję za wielką wiarę, która jest w waszych sercach. Umiłowane dzieci, bądźcie moimi apostołami, bądźcie moimi maluczkimi i nigdy nie puszczajcie ręki, którą Jezus wyciąga z całym swoim miłosierdziem; szukajcie zbawienia, prawdy i drogi tylko w Nim. Módlcie się za Francję i za Chile. Kocham was i błogosławię w imię Ojca i Syna i Ducha Świętego. Amen.","Dear children, thank you for having welcomed me and thank you for the great faith that is in your heart. Beloved children, be my apostles, be my little ones and never let go of the hand that Jesus extends with all His mercy; seek salvation, truth and the way in Him alone. Pray for France and Chile. I love you and I bless you in the name of the Father and the Son and the Holy Spirit. Amen.","Estimados hijos, gracias por haberme aceptado, gracias por la gran fe que está en su corazón. A los niños amados, sean mis apóstoles, sean mis pequeños y nunca dejes la mano que Jesús se propaga con toda su misericordia, mira solo en él salvación, verdad y calle. Ora por Francia y Chile. Te amo y te bendiga en el nombre del padre del Hijo y el Espíritu Santo. Amén.","Chers enfants, merci de m'avoir accueilli et merci pour la grande foi qui est dans votre cœur. Les enfants bien-aimés, que ce soit mes apôtres, soyez mes petits et ne lâchez jamais la main que Jésus s'étend avec toute sa miséricorde; Rechercher le salut, la vérité et le chemin en lui seul. Priez pour la France et le Chili. Je t'aime et je vous bénisse au nom du Père et du Fils et du Saint-Esprit. Amen.",亲爱的孩子们，谢谢您对我的欢迎，并感谢您心中的伟大信仰。心爱的孩子，成为我的使徒，成为我的小孩，永远不要放开耶稣与他所有的怜悯延伸;独自寻求救赎，真理和他的方式。为法国和智利祈祷。我爱你，我以父亲和儿子和圣灵的名义祝福你。阿门。,,
2017,5,7,Holy Mary,"Amati figli,  oggi mi avete resa felice per aver ascoltato la mia richiesta di consacrazione al mio cuore Immacolato e a mio Figlio Gesù. Adesso sarete più riconosciuti agli occhi del Padre. Oggi ci saranno molte grazie. Con tutto il mio amore materno vi benedico nel nome del Padre e del Figlio e dello Spirito Santo. Amen.",,"Umiłowane dzieci, dzisiaj sprawiłyście mi radość, wysłuchując mojej prośby o poświęcenie się mojemu Niepokalanemu Sercu i mojemu Synowi Jezusowi. Teraz będziecie mieć większe uznanie w oczach Ojca. Dzisiaj spł┘ynie wiele łask. Z całą moją matczyną miłością błogosławię was w imię Ojca i Syna i Ducha Świętego. Amen.","Beloved children, today you have made me happy by listening to my request for consecration to my Immaculate Heart and to my Son Jesus. Now you will be more recognized in the eyes of the Father. Today there will be many graces. With all my motherly love, I bless you in the name of the Father and of the Son and of the Holy Spirit. Amen.","A los niños amados, hoy me hiciste feliz por haber escuchado mi solicitud de consagración a mi corazón inmaculado y mi hijo Jesús. Ahora serás más reconocido en los ojos del Padre. Hoy habrá muchas gracias. Con todo mi amor materno, te bendigo en nombre del Padre y el Hijo y del Espíritu Santo. Amén.","Enfants bien-aimés, aujourd'hui, vous m'avez rendu heureux en écoutant ma demande de consécration à mon cœur immaculé et à mon fils Jésus. Maintenant, vous serez plus reconnu aux yeux du Père. Aujourd'hui, il y aura de nombreuses grâces. Avec tout mon amour maternel, je vous bénis au nom du Père et du Fils et du Saint-Esprit. Amen.",心爱的孩子们，今天你让我很高兴听着我的奉献给我的完美心脏和儿子耶稣的要求。现在你将在父亲的眼中更加认可。今天会有很多格。随着我所有的母爱，我以父亲和儿子和圣灵的名义祝福你。阿门。,,
2017,7,15,Holy Mary,"Amati figli miei, Gesù vi ha dato il dono del discernmento e voi dovete usarlo. In questo momento tutti voi,  vi sentite nervosi , tristi, inquietati e questi sono tutti sentimenti che il demonio vi dà per farvi cadere nella tentazione,  questo è il momento della Scelta. Cari figli , ci sarà padre contro figlio , sorella contro sorella , marito contro moglie e tutto ciò cadrà nella disperazione. Vi prego fate la giusta scelta e amatevi tanto. Io sono con voi per confortarvi. Ora vi do’ la mia benedizione nel nome del Padre del Figlio e dello Spirito Santo. Amen.",,"Moje kochane dzieci, Jezus dał wam dar rozeznawania i musicie go używać. W tym czasie wszyscy czujecie się zdenerwowani, smutni, niespokojni i są to uczucia, które diabeł daje wam, abyście ulegli pokusie; jest to czas Wyboru. Drogie dzieci, będzie ojciec przeciwko synowi, siostra przeciwko siostrze, mąż przeciwko żonie, wszyscy oni popadną w rozpacz. Błagam was, dokonajcie właściwego wyboru i kochajcie się bardzo mocno. Jestem z tobą, aby cię pocieszyć. Teraz daję wam moje błogosławieństwo w imię Ojca i Syna i Ducha Świętego, Amen.","My beloved children, Jesus has given you the gift of discernment and you must use it. At this time all of you, you feel nervous, sad, restless and these are all feelings that the devil gives you to make you fall into temptation, this is the time of the Choice. Dear children, there will be father against son, sister against sister, husband against wife and all of this will fall into despair. Please, make the right choice and love each other very much. I am with you to comfort you. Now I give you my blessing in the name of the Father and the Son and the Holy Spirit. Amen.","Amado a mis hijos, Jesús le dio el don de discernimiento y hay que utilizarlo. En este momento, todos se sienten nerviosos, tristes, preocupados y todos son sentimientos que el diablo te da a abandonar la tentación, este es el momento de elección. Queridos hijos, habrá padre contra el hijo, la hermana contra la hermana, el marido contra la esposa y todo esto caerá en desesperación. Por favor, toma la decisión correcta y te ame tanto. Estoy contigo para consolarte. Ahora te daré mi bendición en nombre del padre del Hijo y el Espíritu Santo. Amén.","Mes enfants bien-aimés, Jésus vous a donné le don de discernement et vous devez l'utiliser. À ce moment-là, vous vous sentez nerveux, triste, agité et ce sont tous des sentiments que le diable vous donne de vous faire tomber dans la tentation, c'est l'heure du choix. Chers enfants, il y aura père contre fils, soeur contre soeur, mari contre la femme et tout cela tombera dans le désespoir. S'il vous plaît, faites le bon choix et vous aimer beaucoup. Je suis avec vous pour vous réconforter. Maintenant, je vous donne ma bénédiction au nom du Père et du Fils et du Saint-Esprit. Amen.",我心爱的孩子，耶稣已经给了你辨别的礼物，你必须使用它。在这个时候，你们都会感到紧张，悲伤，躁动，这些都是魔鬼让你变得诱惑的感情，这是选择的时候。亲爱的孩子，将有父亲对抗儿子，姐姐对阵妹妹，丈夫对抗妻子和所有这一切都会陷入绝望。请做出正确的选择，非常喜欢彼此。我和你在一起安慰你。现在我以父亲和儿子和圣灵的名义给你我的祝福。阿门。,,
2017,7,18,Holy Mary,"Amata figlia di luce, grazie per essere qui per aver portato le pecorelle del gregge che si erano smarrite, grazie per aver accolto e portato avanti la missione che ti ho affidato. Io, come regina di luce Vi illumino di Spirito Santo insieme a mio Figlio Gesù che è qui tra voi. State vicino a Lui perché soffre tanto, Vi amo e vi benedico nel nome del Padre del Figlio e dello spirito santo. Amen.",,"Umiłowana córko światłości, dziękuję ci, że jesteś tutaj, aby prowadzić owce stada, które zbłądziły, dziękuję ci, że przyjęłaś i wypełniłaś misję, którą ci powierzyłem. Ja, jako Królowa Światłości, oświecam was Duchem Świętym wraz z moim Synem Jezusem, który jest tutaj wśród was. Bądźcie blisko Niego, bo On tak bardzo cierpi. Kocham Was i błogosławię w imię Ojca i Syna i Ducha Świętego. Amen.","Beloved daughter of light, thank you for being here to carry the sheep of the flock that had gone astray, thank you for accepting and carrying out the mission I have entrusted to you. I, as Queen of Light, enlighten you with the Holy Spirit together with my Son Jesus who is here among you. I love you and bless you in the name of the Father and the Son and the Holy Spirit. Amen.","hija amada de la luz, gracias por estar aquí para traer ovejas de la grey que se habían perdido, gracias por la bienvenida y llevó a cabo la misión que he confiado. Yo, como una reina de luz te ilumina en el Espíritu Santo junto con mi hijo Jesús, que está aquí entre ustedes. Manténgase cerca de él porque sufre mucho, te amo y te bendiga en nombre del padre del Hijo y el Espíritu Santo. Amén.","fille bien-aimée de la lumière, je vous remercie d'être ici pour transporter les brebis du troupeau qui avait fait fausse route, je vous remercie d'avoir accepté et la réalisation de la mission que je vous confie à. I, en tant que Reine de Lumière, vous éclairer avec le Saint-Esprit avec mon Fils Jésus qui est ici parmi vous. Je t'aime et je vous bénis au nom du Père et du Fils et du Saint-Esprit. Amen.",心爱的女儿的光芒，谢谢你在这里携带贫困的羊群，谢谢你接受和执行我委托给你的使命。我，作为光的女王，和我的儿子耶稣一起举起你的圣灵，谁在这里。我爱你，以父亲和儿子和圣灵的名义祝福你。阿门。,,
2017,7,19,Holy Mary,"Amati miei , aprite i vostri cuori ,pregate, pregate , pregate. Ricordate sempre che Gesù è morto per la vostra salvezza. Credete sempre al vero magistero della chiesa. Gesù è l unica verità, finché io tocchero’ la terra , il braccio della giustizia sarà fermo. Voglio salvarvi e rendervi puri come agnelli. Ora vi benedico nel nome del Padre del Figlio e dello Spirito Santo. Amen.",,"Moi ukochani, otwórzcie swoje serca, módlcie się, módlcie się, módlcie się. Zawsze pamiętaj, że Jezus umarł dla twojego zbawienia. Zawsze wierzcie w prawdziwe Magisterium Kościoła. Jezus jest jedyną prawdą. Tak długo, jak dotykam ziemi, ramię sprawiedliwości będzie nieruchome. Chcę was zbawić i uczynić was czystymi jak baranki. Teraz błogosławię was w imię Ojca i Syna i Ducha Świętego. Amen.","My beloved ones, open your hearts, pray, pray, pray. Always remember that Jesus died for your salvation. Always believe in the true Magisterium of the Church. Jesus is the only truth, as long as I touch the earth, the arm of justice will be still. I want to save you and make you pure as lambs. Now I bless you in the name of the Father and of the Son and of the Holy Spirit. Amen.","Ama a mí mismo, abre tus corazones, ora, ora, ora. Siempre recuerda que Jesús murió por tu salvación. Siempre cree en el verdadero magisterio de la Iglesia. Jesús es la única verdad, hasta que toqué la tierra, el brazo de la justicia se detendrá. Quiero salvarte y hacerte puro como Agnelli. Ahora te bendigo en nombre del padre del Hijo y el Espíritu Santo. Amén.","Mes aimés, ouvrent vos cœurs, priez, priez, priez. Rappelez-vous toujours que Jésus est mort pour votre salut. Toujours croire au vrai magistère de l'église. Jésus est la seule vérité, tant que je touche la terre, le bras de la justice sera toujours. Je veux vous sauver et vous faire pure comme des agneaux. Maintenant, je vous bénis au nom du Père et du Fils et du Saint-Esprit. Amen.",我心爱的人，敞开心扉，祈祷，祈祷，祈祷。永远记住耶稣为你的救赎而死。始终相信教堂的真正魔法因素。耶稣是唯一的真理，只要我触摸地球，司法的手臂就会仍然存在。我想救你并使你纯化为羊羔。现在我以父亲和儿子和圣灵的名义祝福你。阿门。,,
2017,9,2,Holy Mary,"Amati figli miei , grazie per essere qui riuniti nella preghiera, ma quanta distrazione sento nelle vostre menti! Prendete la croce con tutte le sue sofferenze e le sue amarezze, cosi come ha fatto Gesù e andate avanti. Poveri coloro che non  ascoltano i miei insegnamenti. Ora vi dò la mia benedizione nel nome del Padre del Figlio e dello Spirito Santo. Amen.",,"Moje kochane dzieci, dziękuję wam za to, że jesteście tu zgromadzeni na modlitwie, ale jakże wielkie rozproszenie słyszę w waszych umysłach! Weźcie krzyż ze wszystkimi jego cierpieniami i goryczą, jak to uczynił Jezus, i idźcie naprzód. Biedni są ci, którzy nie słuchają moich słów. Teraz daję wam moje błogosławieństwo w imię Ojca i Syna i Ducha Świętego. Amen.","My beloved children, thank you for being gathered here in prayer, but how much distraction I hear in your minds! Take up the cross with all its sufferings and bitterness, just as Jesus did, and move on. Poor those who do not listen to my teachings. Now I give you my blessing in the name of the Father and the Son and the Holy Spirit. Amen.","Me encantó a mis hijos, gracias por ser reunidos aquí en la oración, ¡pero cuánta distracción me siento en tus mentes! Tome la cruz con todos sus sufrimientos y amargura, como lo hizo Jesús y sigue adelante. Pojos a los que no escuchan mis enseñanzas. Ahora te doy mi bendición en nombre del padre del Hijo y el Espíritu Santo. Amén.","Mes enfants bien-aimés, merci d'être rassemblé ici dans la prière, mais combien de distraction j'entends dans votre esprit! Prenez la croix avec toutes ses souffrances et ses amertumes, comme Jésus l'a fait et passez à autre chose. Pauvres ceux qui n'écoutent pas mes enseignements. Maintenant, je vous donne ma bénédiction au nom du Père et du Fils et du Saint-Esprit. Amen.",我心爱的孩子们，谢谢你在祷告中聚集在这里，但我在思想中听到了多少分散注意力！随着耶稣所做的，占据了所有痛苦和苦涩的痛苦和痛苦。那些不听我的教义的穷人。现在我以父亲和儿子和圣灵的名义给你我的祝福。阿门。,,
2017,9,3,Holy Mary,"Figli miei grazie,  mi consola oggi vedervi in tanti riuniti qui in questo posto benedetto. Amati miei, quando vi deridono , quando vi danno dei bugiardi, degli stolti, ricordate che non lo dicono a voi ,ma a mio Figlio, è Lui che rinnegano e offendono tutte le volte. Amati miei, io sono qui per darvi il coraggio della fede, non tornate mai indietro quando avete intrapreso la strada della verità. Siate coraggiosi, e vi invito a testimoniare. (Oggi la Madonna , ha detto che molte persone avrebbero ricevuto tante grazie). Guardate intorno a voi la giustizia e la purificazione farsi strada.Pregate figli miei, pregate. Io sarò con voi, pregate per l’Italia e soprattutto per Roma. Pregate per la Spagna. Ora vi benedico nel nome del Padre del Figlio e dello Spirito Santo. Amen",,"Dzieci moje, dziękuję wam; pociesza mnie dzisiaj widok tak wielu z was zgromadzonych w tym błogosławionym miejscu. Umiłowani moi, kiedy z was szydzą, kiedy nazywają was kłamcami, głupcami, pamiętajcie, że nie mówią tego do was, ale do mojego Syna, to On jest tym, któremu za każdym razem zaprzeczają i którego obrażają. Umiłowani moi, jestem tutaj, aby dać wam odwagę wiary, nigdy nie zawracajcie z drogi prawdy. Bądźcie odważni i zachęcam was do dawania świadectwa. (Dzisiaj Matka Boża powiedziała, że wielu ludzi otrzyma wiele łask). Obserwuj, jak wokół ciebie dokonuje się sprawiedliwość i oczyszczenie. Módlcie się, moje dzieci, módlcie się. Będę z wami; módlcie się za Włochy, a szczególnie za Rzym. Módlcie się za Hiszpanię. Teraz błogosławię was w imię Ojca, Syna i Ducha Świętego. Amen.","My children, thank you, it consoles me today to see so many of you gathered here in this blessed place. My beloved ones, when they mock you, when they call you liars, fools, remember that they are not saying this to you, but to my Son, it is He whom they deny and offend every time. My beloved ones, I am here to give you the courage of faith, never turn back when you have embarked on the path of truth. Be courageous, and I encourage you to witness. (Today Our Lady , said that many people would receive many graces). Look around you at the justice and purification taking place. Pray, my children, pray. I will be with you, pray for Italy and especially for Rome. Pray for Spain. I now bless you in the name of the Father, the Son and the Holy Spirit. Amen.","Mis hijos le agradecen, me lo consuelo hoy para verte en muchos reunidos aquí en este lugar bendito. Amarme, cuando te burlas de ti mismo, cuando te dan mentirosas, tontos, recuerda que no te dicen a ti, sino a mi hijo, es él quien renegono y ofrezcan cada vez. Ama a mí mismo, estoy aquí para darte el coraje de la fe, nunca vuelves cuando has emprendido el camino de la verdad. Sé valiente, y te invito a testificar. (Hoy, la Madonna dijo que muchas personas recibirían muchas gracias). Mira a tu alrededor justicia y purifica el camino. Prepate a mis hijos, ora. Estaré contigo, orar por Italia y sobre todo para Roma. Ora por España. Ahora te bendigo en nombre del padre del Hijo y el Espíritu Santo. amén","Mes enfants, merci, ça me console aujourd'hui pour voir si beaucoup d'entre vous se sont réunis ici dans cet endroit béni. Mon bien-aimé, quand ils se moquent de vous, quand ils vous appellent des menteurs, des imbéciles, rappelez-vous qu'ils ne vous disent pas cela, mais à mon fils, c'est lui-même qu'ils nient et offensent à chaque fois. Mes bien-aimés, je suis ici pour vous donner le courage de la foi, ne jamais retourner quand vous avez embarqué sur le chemin de la vérité. Soyez courageux, et je vous encourage à témoigner. (Aujourd'hui Notre-Dame, a déclaré que beaucoup de gens recevraient de nombreuses grâces). Regardez autour de vous à la justice et à la purification en cours. Priez, mes enfants, prier. Je serai avec vous, priez pour l'Italie et surtout pour Rome. Priez pour l'Espagne. Je vous bénisse maintenant au nom du Père, du Fils et du Saint-Esprit. Amen.",我的孩子们，谢谢，它今天的控制座我很多人在这个有幸的地方看到你们在这里聚集在一起。我心爱的人，当他们嘲笑你，当他们称你为骗子，傻瓜时，请记住他们不是对你说这个，而是对我的儿子，他们每次否认和冒犯他。我心爱的人，我在这里给你信仰的勇气，当你走上真理的道路时，永远不会回头。勇敢，我鼓励你见证。 （今天我们的夫人说，很多人都会收到许多格雷斯）。在司法和净化时环顾一下你。祈祷，我的孩子，祈祷。我会和你在一起，为意大利祈祷，特别是罗马。为西班牙祈祷。我现在以父亲，儿子和圣灵的名义祝福你。阿门。,,
2017,10,3,Holy Mary,"Figli amati, gioielli miei, grazie perché avete ascoltato e risposto alla mia chiamata nel vostro cuore. Piccoli miei, quante sofferenze sento nei vostri cuori, ma vi prego abbiate Fede e aprite i vostri cuori affinchè i miei raggi d’amore possono entrare in voi. Amati miei, ciò che avevo predetto si sta verificando, guardate con i vostri occhi, il giorno della grande apostasia nella chiesa, è oggi, presto toglieranno l’Eucarestia e i crocifissi dalle chiese per dare posto al modernismo e all’eresia. Vi prego, tenete tra le mani il santo rosario e recitatelo tutti giorni, pregate per i sacerdoti e per l’umanità, affinchè possano scegliere la via della verità, che è mio Figlio Gesù. La Falsa chiesa insieme ai demoni, stanno prendendo il posto del vostro Gesù. Questo è il giorno delle tribolazioni, uscite ed annunciate il ritorno mio Figlio. Siate miei apostoli, Vi amo e Vi benedico nel nome della Santissima Trinità, Padre, Figlio e Spirito Santo. Amen",,"Umiłowane dzieci, moje klejnoty, dziękuję wam za to, że wysłuchaliście i odpowiedzieliście na moje wezwanie w waszych sercach. Moi mali, jak wiele cierpienia odczuwam w waszych sercach, ale błagam was o wiarę i otwarcie waszych serca, aby moje promienie miłości mogły wejść do was. Umiłowani moi, to, co przepowiedziałam, dzieje się, spójrzcie waszymi oczami, dzień wielkiej apostazji w Kościele jest dzisiaj, wkrótce usuną z kościołów Eucharystię i krucyfiksy, aby dać miejsce modernizmowi i herezji. Błagam was, trzymajcie w rękach różaniec święty i odmawiajcie go codziennie, módlcie się za kapłanów i za ludzkość, aby wybrali drogę prawdy, którą jest mój Syn Jezus. Fałszywy kościół wraz z demonami zajmują miejsce waszego Jezusa. To jest dzień ucisku, wyjdźcie i ogłoście powrót mojego Syna. Bądźcie moimi apostołami, kocham was i błogosławię wam w imię Trójcy Przenajświętszej, Ojca i Syna i Ducha Świętego. Amen.","Beloved children, my jewels, thank you for having listened and responded to my call in your hearts. My little ones, how much suffering I feel in your hearts, but I ask you to have faith and open your hearts so that my rays of love may enter you. My beloved ones, what I predicted is happening, look with your eyes, the day of the great apostasy in the Church is today, soon they will remove the Eucharist and the crucifixes from the churches to give place to modernism and heresy. Please hold the Holy Rosary in your hands and recite it every day, pray for the priests and for humanity, so that they may choose the way of truth, which is my Son Jesus. The false church together with the demons are taking the place of your Jesus. This is the day of tribulation, come out and announce my Son's return. Be my apostles, I love you and I bless you in the name of the Most Holy Trinity, Father and the Son and the Holy Spirit, Amen.","los niños queridos, mis joyas, gracias porque has escuchado y respondido a mi llamada en tu corazón. Pequeña mía, cuántos sufrimientos me siento en el corazón, pero tenga fe y abrir sus corazones para mis rayos de amor a entrar en ti. Amor a mí mismo, lo que había predicho que está ocurriendo, mirada con sus ojos, el día de la gran apostasía en la iglesia, es hoy en día, muy pronto van a sacar la Eucaristía y los crucifijos de las iglesias para dar paso a la modernidad y la herejía. Por favor, mantenga el Santo Rosario en sus manos y recitate todos los días, rezar por los sacerdotes y de la humanidad, para que puedan elegir el camino de la verdad, que es mi hijo Jesús. La iglesia falsa junto con los demonios, están tomando el lugar de su Jesús. Este es el día de tribulaciones, lanzado y anunció el regreso de mi hijo. Ser mis apóstoles, Te amo y los bendigo en el nombre de la Santa Trinidad, Padre, Hijo y Espíritu Santo. amén","Enfants bien-aimés, mes bijoux, merci d'avoir écouté et répondu à mon appel dans vos cœurs. Mes petits, combien de souffrances je ressens dans vos cœurs, mais je vous demande d'avoir la foi et d'ouvrir vos cœurs afin que mes rayons d'amour puissent vous entrer. Mon bien-aimé, ce que j'ai prédit se passe, regarde avec tes yeux, le jour de la grande apostasie de l'Église est aujourd'hui, ils vont bientôt enlever l'Eucharistie et les crucifixes des églises pour donner lieu au modernisme et à l'hérésie. Veuillez tenir le saint chapelet dans vos mains et réciter tous les jours, priez pour les prêtres et pour l'humanité, de sorte qu'ils puissent choisir le mode de vérité, mon fils Jésus. La fausse église avec les démons prennent la place de votre Jésus. C'est le jour de la tribulation, sortez et annonce le retour de mon fils. Soyez mes apôtres, je t'aime et je vous bénis au nom de la Très Sainte Trinité, Père et Fils et le Saint-Esprit, Amen.",心爱的孩子，我的珠宝，谢谢你倾听并回应了我心中的呼叫。我的小孩，我心中有多少痛苦，但我要求你有信心敞开心扉，以便我的爱情可以进入你。我心爱的人，我预测的是，看着你的眼睛，教堂里北方北方叛教的日子很快，他们很快就会删除圣洁教堂的圣底人，举办现代主义和异端。请在手中举行圣洁的念珠，每天都要背诵它，为牧师和人类祈祷，以便他们可以选择真理的方式，这是我的儿子耶稣。虚假的教会与恶魔一起取代你的耶稣。这是苦难的日子，出来并宣布我儿子的回归。是我的使徒，我爱你，我以最神圣的三位一体，父亲和儿子和圣灵的名义祝福你，阿门。,,
2017,10,17,Holy Mary,"Amati figli, grazie per aver risposto alla mia chiamata, oggi siete qui in preghiera e desidero che continuate su questa strada. Amati miei, presto una notizia eclatante sarà data dal vaticano. Pregate per Papa Benedetto. Pregate per la Russia. Ora vi benedico nel nome del Padre del Figlio e dello Spirito Santo. Amen.",,"Umiłowane dzieci, dziękuję wam, że odpowiedzieliście na moje wezwanie, dzisiaj jesteście tutaj na modlitwie i pragnę, abyście nadal podążali tą drogą. Umiłowani moi, wkrótce Watykan przekaże uderzającą wiadomość. Módlcie się za papieża Benedykta. Módlcie się za Rosję. Teraz błogosławię was w imię Ojca i Syna i Ducha Świętego. Amen.","Beloved children, thank you for having responded to my call, today you are here in prayer and I desire that you continue on this way. Beloved ones, soon a striking news will be given from the Vatican. Pray for Pope Benedict. Pray for Russia. I now bless you in the name of the Father and the Son and the Holy Spirit. Amen.","Amados hijos, gracias por responder a mi llamada, hoy estás aquí en oración y quiero que continúes en este camino. Amarme a mí mismo, pronto se dará una noticia sorprendente por el Vaticano. Ore por el Papa Benedicto. Ora por Rusia. Ahora te bendigo en nombre del padre del Hijo y el Espíritu Santo. Amén.","Enfants bien-aimés, merci d'avoir répondu à mon appel, aujourd'hui, vous êtes ici dans la prière et je désire que vous continuez de cette façon. Bien-aimés, bientôt une nouvelle frappante sera donnée du Vatican. Priez pour le pape benoît. Priez pour la Russie. Je vous bénis maintenant au nom du Père et du Fils et du Saint-Esprit. Amen.",心爱的孩子们，谢谢你对我的电话回应，今天你在这里祷告，我希望你继续这样。心爱的人，很快就会从梵蒂冈获得一个引人注目的消息。为教皇本尼迪克特祈祷。为俄罗斯祈祷。我现在以父亲和儿子和圣灵的名义祝福你。阿门。,,
2017,10,22,Holy Mary,"Perle del mio cuore , grazie per essere qui nella preghiera, state vivendo momenti di grande confusione, mio Figlio vi sta sempre accanto prendendovi per mano, basterebbe che voi lo seguiste. Amori miei questi sono tempi duri e io piango perché so a cosa andrete in contro. Tempo fa, mio Figlio vi chiese di essere suoi soldati , oggi io vi chiedo di combattere e di stare uniti,  come in unica anima e continuare a restare fermi nella vera fede e nella vera vera chiesa, oggi ho bisogno di voi sulla terra,  più che mai. Pregate per l’America. Ora vi benedico nel nome del Padre del Figlio e dello Spirito Santo. Amen",,"Perły mego serca, dziękuję wam, że jesteście tutaj na modlitwie, przeżywacie chwile wielkiego zamętu, mój Syn jest zawsze obok was, biorąc was za rękę, wystarczy, że pójdziecie za Nim. Moi kochani, to są ciężkie czasy i płaczę, bo wiem, z czym będziecie musieli się zmierzyć. Jakiś czas temu mój Syn poprosił was, abyście byli Jego żołnierzami, dziś proszę was, abyście walczyli i pozostali zjednoczeni, jak w jednej duszy i trwali mocno w prawdziwej wierze i w prawdziwym Kościele, dziś potrzebuję was na ziemi, bardziej niż kiedykolwiek. Módlcie się za Amerykę. Teraz błogosławię was w imię Ojca i Syna, i Ducha Świętego. Amen.","Pearls of my heart, thank you for being here in prayer, you are living in a time of great confusion, my Son is always beside you taking you by the hand, it would be enough for you to follow Him. My loves, these are hard times and I weep because I know what you will be up against. Some time ago, my Son asked you to be His soldiers, today I ask you to fight and to stay united, as one soul and continue to remain firm in the true faith and in the true church, today I need you on earth, more than ever. Pray for America. I now bless you in the name of the Father and the Son and the Holy Spirit. Amen.","Perlas de mi corazón, gracias por estar aquí en oración, estás experimentando momentos de gran confusión, mi hijo siempre está a tu lado al tomar tu mano, sería suficiente que lo siguieras. Mis amores estos son tiempos difíciles y lloro porque sé de lo que pasas. Hace mucho tiempo, mi hijo le pidió que fueran sus soldados, hoy te pido que luches y que te mantuvieran unidos, como en una sola alma y continúan permaneciendo en la verdadera fe y en la verdadera iglesia verdadera, hoy te necesito en la Tierra, más que nunca. Ore por América. Ahora te bendigo en nombre del padre del Hijo y el Espíritu Santo. amén","Perles de mon cœur, merci d'être ici dans la prière, vous vivez dans une période de grande confusion, mon fils est toujours à côté de vous vous prenant par la main, ce serait suffisant pour que vous puissiez le suivre. Mes amours, ce sont des moments difficiles et je pleure parce que je sais ce que vous serez contre. Il y a quelque temps, mon fils vous a demandé d'être ses soldats, aujourd'hui, je vous demande de vous battre et de rester uni, comme une âme et continuez à rester ferme dans la vraie foi et dans la vraie église, aujourd'hui, j'ai besoin de toi sur Terre, plus que jamais. Priez pour l'Amérique. Je vous bénis maintenant au nom du Père et du Fils et du Saint-Esprit. Amen.",我心中的珍珠，谢谢你在祷告中，你生活在一个很大的混乱中，我的儿子总是在你旁边服用你的手，这对你来说就足够了。我的爱，这些是艰难的时期，我哭了，因为我知道你会反对的东西。一段时间，我的儿子让你成为他的士兵，今天我要求你打架和保持团结，作为一个灵魂，继续坚持真正的信仰和真正的教会，今天我需要你在地球上，更多比以前。为美国祈祷。我现在以父亲和儿子和圣灵的名义祝福你。阿门。,,
2017,10,31,Holy Mary,"Figli miei, non disperatevi! Amati miei , stasera i demoni danzeranno e festeggeranno il nemico di Dio . Figli miei, Gesù aveva previsto per Roma la nuova Gerusalemme, così fece edificare la Sua Chiesa, ma all’interno cosa hanno fatto? Hanno continuato a tramare contro di Lui,  e ancora oggi lo crocifiggono e continuano a dire che la misericordia è grande,  ma presto sarà la giustizia a trionfare perché la Chiesa di Dio trionferà. Voi siete le mie fiammelle accese, andate avanti e intensificate la preghiera, perché accadranno cose terribili. Vi proteggerò ora e sempre , il Padre vi attende fra le Sue braccia. Ora vi benedico nel nome del Padre del Figlio e dello Spirito Santo. Amen",,"Dzieci moje, nie rozpaczajcie! Moi umiłowani, dziś wieczorem demony będą tańczyć i sławić wroga Boga. Dzieci moje, Jezus przewidział dla Rzymu nową Jerozolimę, dlatego kazał zbudować swój Kościół, ale co oni zrobili w środku? Oni nadal spiskowali przeciwko Niemu, a nawet dzisiaj Go krzyżują i nadal mówią, że miłosierdzie jest wielkie, ale wkrótce sprawiedliwość zatriumfuje, ponieważ Kościół Boży zatriumfuje. Jesteście moimi ognistymi płomieniami, idźcie dalej i zintensyfikujcie swoją modlitwę, ponieważ wydarzą się straszne rzeczy. Będę was chronić teraz i zawsze, Ojciec czeka na was w swoich ramionach. Teraz błogosławię was w imię Ojca i Syna i Ducha Świętego. Amen.","My children, do not despair! My beloved ones , tonight the demons will dance and celebrate the enemy of God . My children, Jesus had foreseen for Rome the new Jerusalem, so He had His Church built, but inside what have they done? They continued to plot against Him, and even today they crucify Him and continue to say that mercy is great, but soon justice will triumph because the Church of God will triumph. You are my burning flames, go ahead and intensify your prayer, for terrible things will happen. I will protect you now and always, the Father is waiting for you in His arms. Now I bless you in the name of the Father and the Son and the Holy Spirit. Amen.","Mis hijos, no se desespere! Mis queridos, esta noche los demonios van a bailar y celebrar el enemigo de Dios. Mis hijos, Jesús había previsto la nueva Jerusalén a Roma, por lo que hizo construyó su iglesia, pero dentro de lo que hicieron? Siguieron a pasear en su contra, y aún hoy lo crucificaron y se siguen diciendo que la misericordia es grande, pero pronto la justicia triunfen porque la Iglesia de Dios triunfará. Ustedes son mis llamas encendido, vaya por delante, e intensificar la oración, porque ocurrirán cosas terribles. Te protegeré ahora y siempre, el padre le espera en sus brazos. Ahora te bendigo en nombre del padre del Hijo y el Espíritu Santo. amén","Mes enfants, ne désespérez pas! Mes aimés, ce soir, les démons danseront et célébrent l'ennemi de Dieu. Mes enfants, Jésus avait prévu pour Rome la nouvelle Jérusalem, alors il avait construit son église, mais à l'intérieur de quoi ont-ils fait? Ils ont continué à tracer contre lui et, même aujourd'hui, ils le crucifirent et continuent de dire que la miséricorde est grande, mais bientôt, la justice triomphe parce que l'Église de Dieu triomphera. Vous êtes mes flammes brûlantes, allez-y et intensifiez votre prière, car les choses terribles se produiront. Je vais vous protéger maintenant et toujours, le Père vous attend dans ses bras. Maintenant, je vous bénis au nom du Père et du Fils et du Saint-Esprit. Amen.",我的孩子，不要绝望！我心爱的人，今晚的恶魔会跳舞并庆祝上帝的敌人。我的孩子，耶稣为罗马预见到了新的耶路撒冷，所以他建造了他的教堂，但在他们做了什么？他们继续对他进行策划，甚至今天他们钉在十字架上，继续说怜悯很棒，但很快正义，因为上帝的教会将胜利。你是我的燃烧火焰，继续前进并加剧你的祷告，因为会发生可怕的事情。我现在会保护你，永远，父亲在他的怀里等着你。现在我以父亲和儿子和圣灵的名义祝福你。阿门。,,
2017,12,14,Holy Mary,"Amata figlia, guarda il mondo in subbuglio, neanche la nascita di mio Figlio viene rispettata,  il mondo è ormai senza la presenza di Dio. Io sono una madre addolorata che guarda questo mondo caduto nella confusione causata da satana. Figlia mia,  ormai le mie fiamme più accese all’ interno delle chiese  hanno una luce fioca,  solo il mio popolo che cammina nella verità e nella speranza, riesce ad illuminare le mie Chiese con la fiamma dell’amore per Dio. Grazie e andate avanti con coraggio. Ora ti benedico nel nome del Padre del Figlio e dello Spirito Santo. Amen",,"Umiłowana córko, spójrz na świat pogrążony w chaosie, nawet narodziny mojego Syna nie są szanowane, świat jest teraz bez obecności Boga. Jestem zrozpaczoną matką, która patrzy na ten świat pogrążony w zamęcie spowodowanym przez szatana. Moja córko, już teraz moje najjaśniejsze płomienie w kościołach mają przygaszone światło, tylko moi ludzie, którzy chodzą w prawdzie i nadziei, są w stanie oświetlić moje kościoły płomieniem miłości do Boga. Dziękuję wam, idźcie naprzód z odwagą. Błogosławię was teraz w imię Ojca i Syna i Ducha Świętego. Amen.","Beloved daughter, look at the world in turmoil, not even the birth of my Son is respected, the world is now without the presence of God. I am a grieving mother looking at this world fallen into confusion caused by Satan. My daughter, by now my brightest flames in the churches have a dim light, only my people who walk in truth and hope are able to illuminate my churches with the flame of love for God. Thank you and go forward with courage. I now bless you in the name of the Father and the Son and the Holy Spirit. Amen.","Amada a la hija, mira al mundo en la agitación, ni siquiera el nacimiento de mi hijo se respeta, el mundo está ahora sin la presencia de Dios. Soy una madre triste que mira a este mundo caído en la confusión causada por Satanás. Mi hija, ahora mis llamas más ligeras dentro de las iglesias tienen una luz tenue, solo mi gente caminando en verdad y esperanza, logra iluminar a mis iglesias con la llama del amor por Dios. Gracias y sigue adelante con el coraje. Ahora te bendigo en nombre del padre del Hijo y el Espíritu Santo. amén","Une fille bien-aimée, regarde le monde dans la tourmente, pas même la naissance de mon fils est respecté, le monde est maintenant sans la présence de Dieu. Je suis une mère griette qui regarde ce monde tombé dans la confusion causée par Satan. Ma fille, maintenant, mes flammes les plus brillantes des églises ont une lumière sombre, seuls mes gens qui marchent en vérité et espoir sont capables d'éclairer mes églises avec la flamme de l'amour pour Dieu. Merci et avancez avec courage. Je vous bénis maintenant au nom du Père et du Fils et du Saint-Esprit. Amen.",心爱的女儿，看着世界上的世界，甚至不尊重我儿子的诞生，世界现在就没有上帝的存在。我是一个悲伤的母亲，看着这个世界被撒旦引起的混乱。我的女儿，现在我的聪明火焰在教堂里有一个昏暗的光芒，只有我的人走在真理，希望能够用对上帝的爱的火焰照亮我的教会。谢谢你，勇气前进。我现在以父亲和儿子和圣灵的名义祝福你。阿门。,,
2017,12,16,Holy Mary,"Figlia mia, io sono una madre addolorata, oggi come ieri busso alle porte, ma nessuno apre, quando stava per nascere il figlio di Dio nessuno ha creduto. Questo Natale, non  pensate ai festeggiamenti ipocriti con doni, ma aprite le porte, affinchè mio Figlio abbia un posto dove nascere, un luogo che sia pieno di amore di pace e speranza. Vi amo figli, seguite la strada della fede e   preparatevi al Suo arrivo. Io sono qui per avvertirvi e proteggervi e chiedervi di amare mio Figlio . Ora vi benedico nel nome del Padre del Figlio e dello Spirito Santo. Amen",,"Moja córko, jestem zasmuconą matką, dziś, tak jak wczoraj, pukam do drzwi, ale nikt nie otwiera, kiedy Syn Boży miał się narodzić, nikt nie uwierzył. W te święta nie myślcie o obłudnych obchodach z prezentami, ale otwórzcie drzwi, aby mój Syn miał gdzie się narodzić, miejsce pełne miłości, pokoju i nadziei. Kocham was, małe dzieci, idźcie drogą wiary i przygotujcie się na Jego przyjście. Jestem tu, aby was ostrzec, chronić i prosić, abyście kochali mojego Syna. Teraz błogosławię was w imię Ojca i Syna i Ducha Świętego. Amen.","My daughter, I am a grieving mother, today as yesterday I knock on the doors, but no one opens, when the Son of God was about to be born no one believed. This Christmas, do not think of hypocritical celebrations with gifts, but open the doors, so that my Son may have a place to be born, a place that is full of love, peace and hope. I love you children, follow the way of faith and prepare for His coming. I am here to warn you and protect you and ask you to love my Son. Now I bless you in the name of the Father and the Son and the Holy Spirit. Amen.","Mi hija, soy una madre triste, hoy en día como ayer, no se abre, pero nadie se abre, cuando estaba a punto de nacer del hijo de Dios, nadie creía. Esta Navidad, no piense en las celebraciones hipócritas con los regalos, sino abrir las puertas, para que mi hijo tenga un lugar para nacer, un lugar lleno de amor de paz y esperanza. Te amo a los hijos, sigue el camino de la fe y prepárate para su llegada. Estoy aquí para advertirte y protegerte y pedirte que ames a mi hijo. Ahora te bendigo en nombre del padre del Hijo y el Espíritu Santo. amén","Ma fille, je suis une mère de deuil, aujourd'hui comme hier, je frappe sur les portes, mais personne ne s'ouvre, quand le Fils de Dieu était sur le point de naître que personne ne croyait. Ce Noël, ne pense pas aux célébrations hypocrites avec des cadeaux, mais ouvre les portes, de sorte que mon fils puisse avoir une place à naître, un endroit qui regorge d'amour, de paix et d'espoir. Je t'aime les enfants, suivez la voie de la foi et préparez-vous à sa venue. Je suis là pour vous avertir et vous protéger et vous demander d'aimer mon fils. Maintenant, je vous bénis au nom du Père et du Fils et du Saint-Esprit. Amen.",我的女儿，我是一位悲伤的母亲，今天昨天我敲门了，但没有人打开，当上帝的儿子即将出生，没有人相信。这是圣诞节，不要想起礼物的虚伪庆祝活动，但打开门，让我的儿子可能有一个诞生的地方，一个充满爱情，和平与希望的地方。我爱你孩子，跟随信仰的方式，为他的来临。我在这里警告你并保护你并要求你爱我的儿子。现在我以父亲和儿子和圣灵的名义祝福你。阿门。,,
